{"cameraMode":{"drawMode":0,"name":"Shaded","section":"Shading Mode"},"sceneLighting":true,"audioPlay":false,"sceneViewState":{"m_AlwaysRefresh":false,"showFog":true,"showSkybox":true,"showFlares":true,"showImageEffects":true,"showParticleSystems":true,"showVisualEffectGraphs":true,"m_FxEnabled":true},"in2DMode":false,"pivot":{"x":10.901721954345704,"y":14.216024398803711,"z":1.878739356994629},"rotation":{"x":-0.007654925808310509,"y":0.7069085240364075,"z":-0.007635960821062326,"w":-0.7073034644126892},"size":14.257122993469239,"orthographic":false}